{
  "name": "Create invoice on Charge",
  "triggerType": "io.clause.flows.trigger.EmittedObligation",
  "clauseId": "{{% clauseId %}}",
  "samples": {
    "request": {
      "$class": "org.accordproject.cicero.runtime.PaymentObligation",
      "amount": {
          "$class": "org.accordproject.money.MonetaryAmount",
          "doubleValue": 245.923,
          "currencyCode": "GBP"
      },
      "description": "Irure qui ad Lorem voluptate.",
      "contract": "resource:org.accordproject.minilatedeliveryandpenalty.MiniLateDeliveryContract#4378",
      "promisor": "resource:org.accordproject.cicero.contract.AccordParty#4416",
      "promisee": "resource:org.accordproject.cicero.contract.AccordParty#7654"
    }
  },
  "models": {
    "request": "org.accordproject.cicero.runtime.PaymentObligation"
  },
  "steps": [
    {
      "transformation": "stripeCreateInvoice",
      "input": {
        "due_date": 1592912644,
        "lineItems": [
            {
                "amount": "{{% step[0].amount.doubleValue %}}",
                "currency": "usd",
                "description": "Widgets"
            }
        ],
        "accessToken": "{{% vault['Stripe'].accessToken %}}",
        "StripeApp": "Stripe",
        "customer": "cus_1111111111",
        "custom_fields": [
            {
                "name": "contract.id",
                "value": "{{% contract.id %}}"
            }
        ],
        "collection_method": "send_invoice"
      }
    }
  ]
}
