{
  "name": "Delivery Received",
  "triggerType": "io.clause.flows.trigger.HttpTrigger",
  "contractId": "{{% contractId %}}",
  "clauseId": "{{% clauseId %}}",
  "models": {
    "request": "org.accordproject.cicero.runtime.Request",
    "response": "org.accordproject.minilatedeliveryandpenalty.LateResponse"
  },
  "samples": {
    "request": {
        "$class": "org.accordproject.cicero.runtime.Request",
        "transactionId": "fa5b1840-ff3e-11e9-b361-efc0ae54bdd6",
        "timestamp": "2019-11-04T15:09:16.484-05:00"
    },
    "response": {
      "$class": "org.accordproject.minilatedeliveryandpenalty.LateResponse",
      "penalty": 138.335,
      "buyerMayTerminate": true,
      "transactionId": "fa5b3f50-ff3e-11e9-b361-efc0ae54bdd6",
      "timestamp": "2019-11-04T15:09:16.485-05:00"
    }
  },
  "steps": [
    {
      "transformation": "jsonata",
      "name": "Transform",
      "input": {
        "$expression": "{\n        \"$class\": \"org.accordproject.minilatedeliveryandpenalty.LateRequest\",\n        \"agreedDelivery\": \"2019-11-04T15:09:16.484-05:00\",\n        \"deliveredAt\": step[0].output.timestamp,\n        \"goodsValue\": 77.23\n      }"
      }
    },
    {
      "transformation": "clauseTrigger",
      "name": "Send data to the Late Delivery Clause",
      "input": {
        "clauseId": "{{% clauseId %}}"
      }
    }
  ]
}
